{
  "best_metric": 0.07127431035041809,
  "best_model_checkpoint": "prompt_classifier_phi/checkpoint-4452",
  "epoch": 1.0,
  "eval_steps": 500,
  "global_step": 4452,
  "is_hyper_param_search": false,
  "is_local_process_zero": true,
  "is_world_process_zero": true,
  "log_history": [
    {
      "epoch": 0.11230907457322552,
      "grad_norm": 0.11762180924415588,
      "learning_rate": 0.00019383987715862553,
      "loss": 0.2443,
      "step": 500
    },
    {
      "epoch": 0.22461814914645103,
      "grad_norm": 0.12339884787797928,
      "learning_rate": 0.00017611845090291856,
      "loss": 0.0777,
      "step": 1000
    },
    {
      "epoch": 0.33692722371967654,
      "grad_norm": 0.22424422204494476,
      "learning_rate": 0.0001490190444860694,
      "loss": 0.0751,
      "step": 1500
    },
    {
      "epoch": 0.44923629829290207,
      "grad_norm": 0.19341707229614258,
      "learning_rate": 0.00011588037135720042,
      "loss": 0.0734,
      "step": 2000
    },
    {
      "epoch": 0.5615453728661276,
      "grad_norm": 0.07764914631843567,
      "learning_rate": 8.078519746179151e-05,
      "loss": 0.0719,
      "step": 2500
    },
    {
      "epoch": 0.6738544474393531,
      "grad_norm": 0.12108881026506424,
      "learning_rate": 4.805733444654495e-05,
      "loss": 0.0702,
      "step": 3000
    },
    {
      "epoch": 0.7861635220125787,
      "grad_norm": 0.06151945888996124,
      "learning_rate": 2.1728935441652686e-05,
      "loss": 0.0699,
      "step": 3500
    },
    {
      "epoch": 0.8984725965858041,
      "grad_norm": 0.06982016563415527,
      "learning_rate": 5.043723888851836e-06,
      "loss": 0.0682,
      "step": 4000
    },
    {
      "epoch": 1.0,
      "eval_loss": 0.07127431035041809,
      "eval_runtime": 8509.0673,
      "eval_samples_per_second": 2.093,
      "eval_steps_per_second": 0.262,
      "step": 4452
    }
  ],
  "logging_steps": 500,
  "max_steps": 4452,
  "num_input_tokens_seen": 0,
  "num_train_epochs": 1,
  "save_steps": 500,
  "stateful_callbacks": {
    "EarlyStoppingCallback": {
      "args": {
        "early_stopping_patience": 7,
        "early_stopping_threshold": 0.0
      },
      "attributes": {
        "early_stopping_patience_counter": 0
      }
    },
    "TrainerControl": {
      "args": {
        "should_epoch_stop": false,
        "should_evaluate": false,
        "should_log": false,
        "should_save": true,
        "should_training_stop": true
      },
      "attributes": {}
    }
  },
  "total_flos": 3.742744283221709e+17,
  "train_batch_size": 4,
  "trial_name": null,
  "trial_params": null
}
